id;title;slug;description;level
1;alongside ah;cockroach;early dangerous;17138
2;encirclement;hm aside;warm and potentially;20368
3;toggle searchingly;pivot;sans um consequently;28492
4;insubstantial vigilant who;yin modulo;these over alongside;61
5;until gee;shimmer;stand closely astound;14336
6;till now;alfalfa;duh;27235
7;bouncy wee;retake cross-stitch care;boo pawn partition;7281
8;whoever unless how;anenst positively huge;curiously trim;20444
9;zesty thoroughly after;blah as till;ugh airmail;30189
10;yum revolving;bashfully alphabetise;where;16873
