id;title;description;content;slug;order_index
1;notwithstanding store although;hm gee;elegantly what;passionate;28961
2;ah;gosh;license with;diligently waft unibody;29377
3;interviewer miskey;window surprised;since deeply wide;ragged smuggle;16547
4;circular hourly unfortunately;enthusiastically clonk role;briskly ick;helpfully meanwhile;20911
5;reporter ferociously;gee the;rudely;brilliant;21628
6;hold restaurant;uniform;after excepting;confute shrilly scarification;17359
7;infamous yum topsail;before questioningly;sweetly;bob;15761
8;wobbly;charming trim meanwhile;mortally until;sticker sting;20289
9;given recklessly unto;apud obvious;uh-huh;phooey helpful throughout;11762
10;brr inasmuch boo;crowded a;crossly sans;from sparkling challenge;9778
